Garvit;Garvit1111;Garvit1201
Rahul;Rahul1111;Rahul@2812
Raj;Raj1111;Raj@2812
Rajesh;Rajesh1111;Rajesh@2812
Rajat;Rajat1111;Rajat@2812
Saloo;Saloo111;Saloo@2812
Re;RE11;Re2812
Chotu;Chotu1111;Chotu@2812
Rajeev1111;Rajeev@1111;Rajeev@1111
Garvit Saini;Garvit1234;Garvit@1234
Axel Frost;Axel1111;Axel@1111
